Customer_ID,Age,Gender,Income,Region,Previous_Purchases,Campaign_Exposure,Purchase_Made,Amount_Spent
CUST1000,63,Male,58471.68,East,3,SMS,1,288.91
CUST1001,20,Male,51115.06,West,1,Social Media,0,0.0
CUST1002,46,Male,65559.09,West,3,TV,0,0.0
CUST1003,52,Female,31706.83,East,3,TV,0,0.0
CUST1004,56,Female,42246.08,West,0,SMS,0,0.0
CUST1005,35,Male,29250.03,East,1,Social Media,0,0.0
CUST1006,37,Female,47640.75,South,1,TV,0,0.0
CUST1007,60,Female,44236.55,West,2,TV,0,0.0
CUST1008,40,Female,18617.68,North,3,Social Media,1,86.01
CUST1009,51,Female,41885.4,South,2,SMS,1,37.63
CUST1010,50,Male,38878.45,North,4,SMS,1,165.88
CUST1011,67,Male,33941.02,South,2,SMS,0,0.0
CUST1012,65,Female,51276.83,West,6,Social Media,0,0.0
CUST1013,27,Female,52483.4,West,6,Email,0,0.0
CUST1014,50,Male,41305.45,East,3,Social Media,0,0.0
CUST1015,64,Female,70268.74,South,2,Email,0,0.0
CUST1016,50,Female,69081.66,East,3,TV,1,75.0
CUST1017,65,Female,69977.32,South,3,Social Media,1,341.58
CUST1018,43,Male,77859.1,North,4,SMS,1,145.97
CUST1019,37,Female,41023.85,West,3,Social Media,0,0.0
CUST1020,32,Female,49220.76,West,1,SMS,0,0.0
CUST1021,54,Female,20261.17,North,2,Email,1,203.69
CUST1022,50,Male,60090.15,West,4,TV,1,38.68
CUST1023,34,Male,49248.67,South,3,Social Media,0,0.0
CUST1024,22,Male,36673.3,East,6,SMS,0,0.0
CUST1025,67,Male,81191.82,East,3,SMS,1,14.52
CUST1026,21,Male,68305.9,North,5,TV,1,108.26
CUST1027,20,Male,34521.94,West,9,Social Media,0,0.0
CUST1028,38,Female,32220.58,South,4,Email,1,207.83
CUST1029,57,Female,60514.83,West,4,SMS,0,0.0
CUST1030,20,Male,43738.97,North,2,Social Media,1,26.16
CUST1031,38,Male,40786.19,North,1,Social Media,0,0.0
CUST1032,65,Male,53533.52,South,1,SMS,1,155.32
CUST1033,66,Female,34812.14,South,5,Email,1,78.42
CUST1034,25,Male,43625.06,East,1,TV,1,248.32
CUST1035,59,Male,51652.17,West,3,SMS,0,0.0
CUST1036,53,Male,61607.54,South,2,Email,1,29.43
CUST1037,46,Male,55940.68,East,4,Social Media,0,0.0
CUST1038,56,Male,52380.59,North,4,TV,1,364.09
CUST1039,51,Male,74569.52,West,1,SMS,0,0.0
CUST1040,39,Female,37909.84,East,5,Email,0,0.0
CUST1041,48,Female,26763.31,North,2,SMS,0,0.0
CUST1042,45,Female,48404.96,South,3,TV,0,0.0
CUST1043,52,Female,53357.38,North,8,Social Media,0,0.0
CUST1044,51,Female,31665.35,North,4,SMS,1,1043.94
CUST1045,30,Male,44194.01,West,3,SMS,1,444.34
CUST1046,58,Female,62483.99,East,3,SMS,0,0.0
CUST1047,21,Male,61905.23,East,3,Social Media,0,0.0
CUST1048,60,Male,40439.57,East,3,Email,0,0.0
CUST1049,23,Male,36199.49,East,6,TV,0,0.0
CUST1050,18,Male,57972.54,North,3,Email,0,0.0
CUST1051,29,Male,63694.4,East,6,TV,0,0.0
CUST1052,52,Male,29986.24,North,2,Social Media,0,0.0
CUST1053,28,Male,49736.63,South,3,Social Media,0,0.0
CUST1054,40,Female,48054.78,East,2,Social Media,1,467.92
CUST1055,31,Female,39295.62,West,1,Social Media,0,0.0
CUST1056,36,Male,53680.72,South,3,Social Media,0,0.0
CUST1057,54,Female,44708.01,North,6,TV,0,0.0
CUST1058,33,Male,61668.06,West,1,TV,0,0.0
CUST1059,61,Female,59069.98,West,1,Email,1,450.54
CUST1060,45,Male,30286.35,North,2,SMS,0,0.0
CUST1061,62,Female,25025.47,North,4,TV,0,0.0
CUST1062,48,Female,61014.79,North,3,SMS,0,0.0
CUST1063,24,Female,69081.48,South,3,SMS,1,86.26
CUST1064,63,Male,64454.19,South,3,TV,0,0.0
CUST1065,69,Male,61724.98,West,1,Social Media,0,0.0
CUST1066,44,Female,43125.28,East,3,Social Media,0,0.0
CUST1067,34,Female,54861.45,East,5,Social Media,1,458.17
CUST1068,24,Female,86942.65,East,5,TV,0,0.0
CUST1069,32,Female,53177.27,West,2,Social Media,1,1331.0
CUST1070,57,Female,68099.89,West,2,TV,1,1.52
CUST1071,29,Male,26090.15,South,5,TV,1,2.88
CUST1072,25,Male,55178.29,East,6,Social Media,0,0.0
CUST1073,19,Male,50515.1,West,5,SMS,0,0.0
CUST1074,61,Female,44656.59,South,6,Email,0,0.0
CUST1075,55,Male,61590.06,East,4,SMS,1,107.18
CUST1076,43,Female,61231.5,West,1,Social Media,0,0.0
CUST1077,68,Female,47935.34,West,2,SMS,0,0.0
CUST1078,38,Female,57128.6,South,5,Social Media,0,0.0
CUST1079,67,Male,67147.36,East,4,TV,0,0.0
CUST1080,30,Female,67494.19,South,5,Social Media,0,0.0
CUST1081,36,Female,39860.36,North,1,Social Media,0,0.0
CUST1082,35,Female,87429.13,West,3,SMS,0,0.0
CUST1083,19,Female,60105.58,East,1,SMS,0,0.0
CUST1084,69,Female,43151.46,North,11,SMS,0,0.0
CUST1085,62,Female,48976.64,North,4,Email,1,35.18
CUST1086,59,Female,32085.48,North,0,Email,1,2.4
CUST1087,66,Male,37539.19,South,1,Social Media,0,0.0
CUST1088,45,Female,53361.19,West,4,TV,0,0.0
CUST1089,67,Female,28954.52,East,4,Email,0,0.0
CUST1090,40,Female,42541.47,South,3,TV,1,167.51
CUST1091,21,Male,41555.77,East,3,SMS,1,2.1
CUST1092,21,Female,47568.19,West,3,SMS,0,0.0
CUST1093,29,Female,26412.78,West,4,Email,1,182.4
CUST1094,39,Male,50146.23,South,4,Social Media,0,0.0
CUST1095,43,Male,57210.6,North,1,Social Media,0,0.0
CUST1096,57,Female,55824.52,North,5,Social Media,1,799.74
CUST1097,59,Male,20280.74,North,7,Email,0,0.0
CUST1098,52,Male,71422.07,East,1,Email,0,0.0
CUST1099,21,Female,72192.07,South,1,Social Media,0,0.0
CUST1100,29,Male,45472.82,West,1,Email,0,0.0
CUST1101,21,Male,76508.41,West,3,Email,1,316.31
CUST1102,69,Male,48284.0,West,4,TV,0,0.0
CUST1103,48,Male,44081.01,North,3,SMS,0,0.0
CUST1104,24,Female,34404.01,West,2,SMS,0,0.0
CUST1105,27,Female,49016.68,South,3,Social Media,0,0.0
CUST1106,41,Female,47882.72,West,4,Social Media,0,0.0
CUST1107,32,Female,45439.13,South,3,Social Media,0,0.0
CUST1108,56,Female,53740.05,North,1,SMS,0,0.0
CUST1109,37,Male,53756.44,East,2,Social Media,1,12.18
CUST1110,24,Female,28253.33,South,5,Social Media,1,47.59
CUST1111,30,Male,63795.68,North,3,Social Media,0,0.0
CUST1112,45,Female,61631.99,North,3,SMS,0,0.0
CUST1113,56,Female,49531.32,East,2,Social Media,0,0.0
CUST1114,35,Female,47581.91,North,2,Social Media,0,0.0
CUST1115,64,Female,45812.94,East,6,Social Media,0,0.0
CUST1116,28,Female,43147.12,East,2,Email,0,0.0
CUST1117,53,Male,35716.61,North,3,Email,0,0.0
CUST1118,53,Male,34222.9,South,3,Social Media,1,155.5
CUST1119,19,Female,65462.13,West,0,TV,1,789.23
CUST1120,65,Female,77442.52,South,6,Social Media,0,0.0
CUST1121,63,Female,62759.08,East,3,Social Media,0,0.0
CUST1122,34,Female,43481.07,West,0,TV,0,0.0
CUST1123,23,Male,51026.35,South,7,SMS,0,0.0
CUST1124,58,Male,37276.75,West,5,Social Media,0,0.0
CUST1125,63,Female,46114.17,West,4,Email,1,44.02
CUST1126,40,Female,60569.8,South,4,Social Media,1,37.23
CUST1127,64,Male,32968.68,North,3,TV,1,171.58
CUST1128,33,Male,28696.47,North,3,TV,0,0.0
CUST1129,58,Female,58417.45,East,1,Email,0,0.0
CUST1130,43,Male,37288.81,East,4,Email,0,0.0
CUST1131,63,Female,41085.83,East,4,Social Media,0,0.0
CUST1132,67,Female,33918.47,West,1,TV,0,0.0
CUST1133,18,Male,45614.85,West,3,TV,0,0.0
CUST1134,53,Female,44610.7,South,1,SMS,0,0.0
CUST1135,47,Female,55896.94,West,3,SMS,0,0.0
CUST1136,19,Female,44279.92,West,4,Social Media,0,0.0
CUST1137,37,Female,42214.49,North,4,TV,0,0.0
CUST1138,22,Female,67073.76,East,1,TV,0,0.0
CUST1139,48,Female,42678.93,East,4,Email,0,0.0
CUST1140,25,Female,51711.47,West,2,TV,1,95.19
CUST1141,47,Female,62571.7,West,4,Email,0,0.0
CUST1142,56,Male,59651.98,East,1,SMS,1,66.75
CUST1143,19,Male,64644.31,South,6,TV,0,0.0
CUST1144,30,Female,55206.69,North,6,SMS,1,530.86
CUST1145,21,Male,64023.03,East,2,Email,0,0.0
CUST1146,62,Female,44991.08,South,5,TV,0,0.0
CUST1147,69,Male,69541.17,North,3,Social Media,1,191.45
CUST1148,25,Male,52127.68,West,3,Email,0,0.0
CUST1149,56,Male,72128.89,North,0,TV,1,419.86
CUST1150,42,Female,63164.9,West,1,TV,1,309.88
CUST1151,24,Female,62903.68,North,0,Email,0,0.0
CUST1152,31,Male,61012.49,East,2,Email,0,0.0
CUST1153,46,Male,58122.39,North,2,Social Media,0,0.0
CUST1154,62,Female,44141.0,South,4,Email,1,49.66
CUST1155,38,Male,38062.48,North,2,Email,0,0.0
CUST1156,54,Male,36926.85,South,4,Social Media,0,0.0
CUST1157,66,Female,57592.81,South,5,SMS,1,913.15
CUST1158,50,Male,60255.64,South,5,Email,0,0.0
CUST1159,58,Female,46991.31,North,1,Social Media,0,0.0
CUST1160,42,Male,74578.24,South,2,Social Media,0,0.0
CUST1161,63,Female,48885.47,South,1,Social Media,1,75.51
CUST1162,31,Female,47129.84,East,2,Email,0,0.0
CUST1163,26,Female,40300.55,North,6,Email,0,0.0
CUST1164,32,Male,40954.11,South,2,TV,0,0.0
CUST1165,24,Male,55809.23,West,2,Social Media,0,0.0
CUST1166,19,Male,34702.46,East,0,SMS,1,71.96
CUST1167,48,Male,47605.45,South,4,Social Media,0,0.0
CUST1168,24,Female,63433.36,East,5,SMS,0,0.0
CUST1169,58,Male,52678.03,North,5,Email,0,0.0
CUST1170,28,Male,49500.31,West,3,Email,0,0.0
CUST1171,30,Male,57567.54,South,4,Email,0,0.0
CUST1172,30,Male,57678.98,South,10,SMS,1,157.05
CUST1173,43,Male,59411.8,West,4,TV,0,0.0
CUST1174,60,Female,47326.71,North,4,Email,0,0.0
CUST1175,67,Male,48199.42,North,1,Social Media,0,0.0
CUST1176,25,Female,36020.28,East,3,TV,0,0.0
CUST1177,31,Male,30942.28,East,4,Social Media,1,122.84
CUST1178,62,Male,62128.85,South,1,TV,0,0.0
CUST1179,19,Female,47881.45,West,2,Social Media,0,0.0
CUST1180,59,Female,33114.93,South,1,TV,0,0.0
CUST1181,32,Female,50627.39,South,5,TV,0,0.0
CUST1182,41,Female,94074.07,South,1,SMS,0,0.0
CUST1183,51,Male,16812.8,East,6,Social Media,0,0.0
CUST1184,21,Male,62698.73,West,3,TV,1,117.89
CUST1185,35,Male,25217.99,North,1,Social Media,1,37.34
CUST1186,42,Female,33495.96,West,2,Email,0,0.0
CUST1187,64,Female,35366.26,West,0,Social Media,0,0.0
CUST1188,41,Male,46297.43,West,5,TV,0,0.0
CUST1189,23,Female,64836.74,West,2,Email,0,0.0
CUST1190,51,Male,85975.2,West,3,Social Media,0,0.0
CUST1191,68,Female,52824.26,East,2,Social Media,0,0.0
CUST1192,55,Female,72121.27,East,1,Social Media,0,0.0
CUST1193,20,Male,72542.96,West,1,Email,0,0.0
CUST1194,36,Male,38384.49,North,7,TV,1,117.22
CUST1195,64,Female,64284.06,West,2,Social Media,0,0.0
CUST1196,63,Female,53026.37,South,3,SMS,0,0.0
CUST1197,53,Male,71454.66,South,3,SMS,0,0.0
CUST1198,36,Female,48067.72,North,6,Social Media,1,1047.63
CUST1199,45,Female,39356.17,North,1,SMS,0,0.0
CUST1200,64,Male,48398.93,East,1,Email,0,0.0
CUST1201,27,Male,65479.58,North,3,TV,0,0.0
CUST1202,35,Male,23002.86,South,2,Social Media,0,0.0
CUST1203,21,Male,56196.99,North,0,Email,0,0.0
CUST1204,29,Female,45064.66,North,0,TV,0,0.0
CUST1205,44,Female,28293.85,North,6,TV,1,20.82
CUST1206,46,Male,44616.08,West,2,TV,1,469.8
CUST1207,29,Male,57135.25,South,3,TV,0,0.0
CUST1208,28,Male,36588.88,West,4,SMS,1,5.59
CUST1209,21,Female,66567.77,North,1,Email,1,204.87
CUST1210,63,Male,59608.49,South,4,SMS,1,223.36
CUST1211,41,Male,50559.83,South,3,TV,1,460.19
CUST1212,43,Female,36074.06,North,2,TV,0,0.0
CUST1213,45,Male,60233.92,West,6,Email,1,317.15
CUST1214,64,Female,68070.84,South,4,Social Media,0,0.0
CUST1215,21,Female,62262.17,East,1,Email,0,0.0
CUST1216,53,Male,55020.52,North,1,TV,0,0.0
CUST1217,32,Female,56963.6,East,3,SMS,0,0.0
CUST1218,39,Female,33421.3,North,3,Email,0,0.0
CUST1219,66,Male,60659.24,West,3,Social Media,0,0.0
CUST1220,41,Male,47140.24,East,2,Email,0,0.0
CUST1221,41,Male,20614.02,West,3,Email,0,0.0
CUST1222,54,Male,23396.01,East,5,TV,0,0.0
CUST1223,22,Male,40646.82,North,3,SMS,0,0.0
CUST1224,23,Male,31964.44,South,3,Social Media,0,0.0
CUST1225,66,Female,60206.81,South,4,SMS,1,63.47
CUST1226,27,Female,53171.59,North,2,SMS,0,0.0
CUST1227,20,Female,52882.83,North,3,Email,0,0.0
CUST1228,55,Male,59798.31,West,2,Social Media,1,240.21
CUST1229,51,Male,60824.21,North,6,Email,0,0.0
CUST1230,23,Male,82983.35,South,4,Email,0,0.0
CUST1231,27,Male,57040.5,North,2,TV,0,0.0
CUST1232,33,Male,28054.2,West,7,SMS,1,318.2
CUST1233,46,Female,40044.16,North,3,Email,0,0.0
CUST1234,20,Male,41980.76,North,4,Email,0,0.0
CUST1235,28,Female,47847.49,East,2,Email,0,0.0
CUST1236,54,Male,55806.46,North,3,Social Media,0,0.0
CUST1237,21,Male,52453.56,West,3,SMS,0,0.0
CUST1238,66,Male,58866.15,West,6,TV,1,43.31
CUST1239,21,Female,45812.85,West,3,SMS,1,85.42
CUST1240,41,Female,46546.64,North,5,Social Media,0,0.0
CUST1241,45,Male,46717.28,South,4,SMS,0,0.0
CUST1242,52,Female,23623.54,North,1,SMS,0,0.0
CUST1243,55,Male,55423.81,South,2,TV,0,0.0
CUST1244,67,Female,18178.98,North,3,Email,0,0.0
CUST1245,41,Male,68394.58,West,5,Email,0,0.0
CUST1246,39,Male,70225.72,East,1,TV,0,0.0
CUST1247,43,Male,41768.69,South,1,TV,1,220.17
CUST1248,35,Male,52431.66,East,5,TV,0,0.0
CUST1249,20,Female,31988.57,West,3,Email,0,0.0
CUST1250,63,Female,52565.02,South,4,Social Media,0,0.0
CUST1251,28,Female,76134.56,South,3,TV,1,26.9
CUST1252,26,Male,48118.04,West,0,Social Media,0,0.0
CUST1253,50,Male,63485.29,East,3,TV,0,0.0
CUST1254,43,Male,37628.68,North,2,Email,0,0.0
CUST1255,53,Male,33670.89,South,3,Social Media,0,0.0
CUST1256,21,Female,57008.3,East,6,SMS,1,128.88
CUST1257,69,Female,56357.57,East,1,TV,0,0.0
CUST1258,19,Female,39688.57,North,3,Social Media,1,192.95
CUST1259,25,Female,56255.19,South,3,TV,0,0.0
CUST1260,24,Male,73607.53,North,2,Social Media,0,0.0
CUST1261,53,Male,49482.28,North,3,TV,0,0.0
CUST1262,51,Female,49155.94,North,2,SMS,0,0.0
CUST1263,57,Female,35938.44,South,6,SMS,0,0.0
CUST1264,36,Male,31183.41,South,5,TV,1,106.89
CUST1265,46,Male,49591.99,West,4,Email,1,222.75
CUST1266,56,Male,47090.56,East,2,Email,0,0.0
CUST1267,23,Male,53189.12,East,3,Social Media,1,948.08
CUST1268,27,Female,65455.96,East,4,TV,0,0.0
CUST1269,58,Male,51459.09,North,1,TV,1,507.4
CUST1270,59,Male,48134.8,East,4,Email,0,0.0
CUST1271,22,Male,57504.91,East,4,Social Media,0,0.0
CUST1272,41,Female,36610.36,West,0,Email,0,0.0
CUST1273,58,Female,53192.61,South,2,TV,0,0.0
CUST1274,39,Female,34349.44,North,2,SMS,0,0.0
CUST1275,43,Female,60210.54,West,3,Social Media,1,132.38
CUST1276,68,Male,43237.95,West,1,Email,0,0.0
CUST1277,54,Male,38610.07,West,2,Social Media,0,0.0
CUST1278,62,Female,23354.46,North,5,Social Media,0,0.0
CUST1279,46,Female,35811.63,West,5,SMS,1,365.71
CUST1280,53,Female,39599.2,North,2,Social Media,0,0.0
CUST1281,37,Male,52095.82,North,4,TV,0,0.0
CUST1282,35,Male,41007.25,East,1,Email,0,0.0
CUST1283,57,Male,27339.08,West,3,Email,0,0.0
CUST1284,62,Male,25190.86,East,4,SMS,1,139.77
CUST1285,58,Male,79865.89,East,4,Social Media,0,0.0
CUST1286,32,Male,18542.83,West,2,SMS,0,0.0
CUST1287,32,Male,23361.1,South,6,SMS,0,0.0
CUST1288,41,Female,42438.39,South,4,TV,0,0.0
CUST1289,46,Female,57841.69,West,3,Email,1,719.09
CUST1290,34,Male,45599.45,West,4,SMS,1,473.97
CUST1291,66,Female,61070.83,North,2,SMS,1,362.05
CUST1292,64,Female,56644.69,North,5,SMS,0,0.0
CUST1293,42,Female,36709.93,North,1,Social Media,1,60.95
CUST1294,33,Female,45948.1,North,4,SMS,0,0.0
CUST1295,67,Female,47043.84,South,8,TV,1,82.08
CUST1296,34,Female,69774.65,West,1,TV,1,0.48
CUST1297,64,Male,67466.0,North,4,Social Media,0,0.0
CUST1298,64,Female,44182.61,West,2,Email,0,0.0
CUST1299,38,Female,43554.48,North,3,SMS,0,0.0
CUST1300,61,Male,81935.18,West,2,TV,0,0.0
CUST1301,65,Male,29677.59,South,1,TV,1,205.86
CUST1302,44,Male,38583.16,South,2,Social Media,0,0.0
CUST1303,22,Male,45184.82,North,6,Email,0,0.0
CUST1304,39,Female,60543.64,West,4,Email,1,113.46
CUST1305,50,Male,45355.12,West,3,TV,0,0.0
CUST1306,57,Male,31605.44,East,7,Email,1,133.6
CUST1307,19,Female,31348.4,West,2,TV,0,0.0
CUST1308,52,Male,73658.78,North,8,Email,0,0.0
CUST1309,60,Female,65499.9,South,3,Email,1,24.72
CUST1310,36,Male,54754.78,West,2,TV,0,0.0
CUST1311,57,Female,50231.98,North,5,Social Media,0,0.0
CUST1312,44,Male,41900.95,West,2,SMS,0,0.0
CUST1313,57,Female,56264.71,East,2,SMS,1,11.86
CUST1314,53,Male,56354.63,West,5,Email,1,294.38
CUST1315,56,Female,48894.7,West,3,Email,0,0.0
CUST1316,19,Male,33889.13,South,2,TV,0,0.0
CUST1317,58,Female,46595.36,South,5,Social Media,1,335.24
CUST1318,35,Male,57561.8,West,2,SMS,0,0.0
CUST1319,63,Female,34918.34,South,6,Email,1,285.98
CUST1320,40,Male,51132.96,East,4,TV,1,55.33
CUST1321,43,Female,66036.06,West,3,Email,0,0.0
CUST1322,28,Male,54088.38,East,2,Email,0,0.0
CUST1323,65,Male,31551.82,East,4,TV,0,0.0
CUST1324,18,Female,62959.8,East,6,TV,0,0.0
CUST1325,53,Female,73144.11,West,6,SMS,0,0.0
CUST1326,67,Male,53136.99,East,1,SMS,1,182.79
CUST1327,37,Male,59366.91,North,1,Social Media,0,0.0
CUST1328,48,Female,24702.74,East,5,Email,0,0.0
CUST1329,25,Female,40177.23,North,2,Email,0,0.0
CUST1330,57,Female,28228.48,West,1,Social Media,1,11.41
CUST1331,41,Female,40133.42,North,2,SMS,1,1.39
CUST1332,37,Female,21309.66,East,3,Social Media,0,0.0
CUST1333,32,Male,35691.76,North,5,Social Media,1,127.32
CUST1334,47,Male,38886.79,North,3,Email,0,0.0
CUST1335,37,Female,49650.33,North,3,Email,1,224.31
CUST1336,55,Male,62543.04,West,3,SMS,0,0.0
CUST1337,19,Male,52216.38,West,1,Email,0,0.0
CUST1338,23,Male,66649.12,North,3,Social Media,1,131.43
CUST1339,59,Male,42602.06,South,3,Email,0,0.0
CUST1340,35,Male,70855.64,West,3,SMS,0,0.0
CUST1341,53,Female,23760.36,East,4,Social Media,0,0.0
CUST1342,31,Male,55774.29,East,5,SMS,0,0.0
CUST1343,43,Female,30190.38,South,1,Email,0,0.0
CUST1344,51,Male,57070.25,South,5,Email,0,0.0
CUST1345,47,Female,44548.56,South,2,Social Media,1,420.88
CUST1346,24,Male,76177.26,North,3,SMS,1,230.85
CUST1347,47,Male,52251.03,South,6,TV,0,0.0
CUST1348,35,Female,37950.55,North,5,Email,0,0.0
CUST1349,39,Male,24302.82,North,2,Social Media,0,0.0
CUST1350,34,Female,45204.32,North,3,Social Media,0,0.0
CUST1351,48,Male,38814.55,South,6,SMS,0,0.0
CUST1352,34,Male,74904.19,North,3,TV,0,0.0
CUST1353,48,Male,51803.02,West,2,Email,0,0.0
CUST1354,30,Female,56644.1,South,4,Social Media,0,0.0
CUST1355,44,Female,42588.79,North,2,TV,0,0.0
CUST1356,37,Female,60406.73,West,1,SMS,0,0.0
CUST1357,34,Male,39207.01,East,0,TV,1,59.01
CUST1358,46,Male,58228.88,West,4,SMS,0,0.0
CUST1359,56,Male,37892.98,West,7,TV,1,69.81
CUST1360,52,Female,55139.69,East,2,SMS,1,138.29
CUST1361,25,Female,80116.51,East,3,Email,0,0.0
CUST1362,60,Female,73615.69,South,5,SMS,1,1231.93
CUST1363,55,Female,38097.62,South,5,Email,0,0.0
CUST1364,32,Male,34451.97,West,4,Social Media,0,0.0
CUST1365,67,Male,69006.64,South,4,Email,0,0.0
CUST1366,18,Female,69271.71,East,3,SMS,0,0.0
CUST1367,50,Female,40596.33,South,4,Email,0,0.0
CUST1368,20,Female,37364.47,West,4,Email,0,0.0
CUST1369,56,Female,55675.98,East,3,TV,0,0.0
CUST1370,55,Male,56063.83,North,5,Social Media,0,0.0
CUST1371,65,Male,47021.28,East,5,Email,0,0.0
CUST1372,32,Female,58077.97,East,3,SMS,0,0.0
CUST1373,59,Male,39078.84,North,2,Email,1,169.63
CUST1374,35,Male,36170.98,West,6,TV,0,0.0
CUST1375,55,Male,42549.03,North,4,Email,0,0.0
CUST1376,48,Male,50058.43,East,2,Social Media,0,0.0
CUST1377,37,Male,51645.58,West,0,SMS,0,0.0
CUST1378,24,Female,29820.64,South,6,TV,0,0.0
CUST1379,54,Female,43959.67,South,0,SMS,1,69.29
CUST1380,44,Male,65445.46,South,3,Social Media,0,0.0
CUST1381,25,Female,46518.94,West,6,SMS,1,291.29
CUST1382,31,Male,50201.39,South,4,TV,1,90.43
CUST1383,67,Female,31453.98,West,1,Social Media,1,16.43
CUST1384,32,Female,67747.81,West,2,Email,1,105.69
CUST1385,24,Female,51827.58,West,2,TV,0,0.0
CUST1386,50,Female,37003.16,South,0,TV,0,0.0
CUST1387,69,Female,36082.05,East,5,TV,0,0.0
CUST1388,51,Male,47814.97,West,2,Social Media,1,139.02
CUST1389,21,Male,49627.0,North,2,Social Media,0,0.0
CUST1390,18,Female,54167.33,East,4,SMS,0,0.0
CUST1391,58,Female,41367.58,West,4,Email,1,386.67
CUST1392,31,Male,39196.16,South,3,SMS,0,0.0
CUST1393,48,Female,51696.56,West,4,TV,0,0.0
CUST1394,55,Male,22236.16,East,2,TV,0,0.0
CUST1395,67,Male,24999.45,South,2,SMS,0,0.0
CUST1396,37,Male,53023.48,North,2,Email,0,0.0
CUST1397,20,Male,59153.84,South,3,TV,1,160.91
CUST1398,52,Male,36125.8,South,2,Email,0,0.0
CUST1399,63,Female,66239.47,East,2,Social Media,0,0.0
CUST1400,50,Male,55339.96,South,2,SMS,0,0.0
CUST1401,32,Male,43093.64,North,0,Social Media,1,120.9
CUST1402,20,Female,63667.11,West,2,Email,0,0.0
CUST1403,45,Female,53446.61,East,4,TV,0,0.0
CUST1404,44,Male,39071.33,East,3,Email,0,0.0
CUST1405,64,Male,44441.0,North,2,TV,0,0.0
CUST1406,64,Female,49108.71,North,3,SMS,0,0.0
CUST1407,50,Female,54560.36,North,3,TV,0,0.0
CUST1408,36,Female,77470.22,North,1,Social Media,1,168.32
CUST1409,50,Female,11280.8,West,5,SMS,0,0.0
CUST1410,48,Male,12234.61,East,3,Social Media,1,352.15
CUST1411,21,Male,64422.4,North,3,TV,1,236.17
CUST1412,49,Female,42858.31,North,4,Social Media,0,0.0
CUST1413,59,Male,82010.24,North,2,Email,1,92.89
CUST1414,45,Male,60619.22,North,5,Email,1,435.37
CUST1415,33,Female,58822.98,South,0,Email,0,0.0
CUST1416,66,Male,66710.82,West,1,Email,0,0.0
CUST1417,60,Male,39021.08,South,3,SMS,0,0.0
CUST1418,45,Female,31345.27,North,3,SMS,0,0.0
CUST1419,32,Female,29283.16,South,6,SMS,1,54.81
CUST1420,65,Male,38932.6,East,3,TV,0,0.0
CUST1421,39,Female,49823.54,North,4,Email,1,257.36
CUST1422,48,Male,40337.88,South,3,SMS,0,0.0
CUST1423,38,Male,49453.22,North,4,TV,0,0.0
CUST1424,49,Male,24990.6,East,1,TV,1,781.08
CUST1425,24,Female,58432.98,South,1,TV,0,0.0
CUST1426,50,Male,30181.42,North,1,SMS,0,0.0
CUST1427,25,Male,30979.16,East,4,Social Media,1,17.2
CUST1428,31,Male,85851.29,North,6,SMS,0,0.0
CUST1429,42,Female,44080.01,West,7,Social Media,0,0.0
CUST1430,49,Male,40810.97,West,5,Email,0,0.0
CUST1431,45,Male,48243.34,East,4,Email,1,385.79
CUST1432,19,Male,48105.18,North,3,Social Media,0,0.0
CUST1433,34,Male,73824.27,North,1,Email,0,0.0
CUST1434,44,Female,73614.91,South,2,Email,0,0.0
CUST1435,19,Male,42709.28,North,2,TV,0,0.0
CUST1436,25,Female,27689.02,West,4,Email,0,0.0
CUST1437,55,Male,43006.54,West,3,Email,0,0.0
CUST1438,37,Male,51317.84,East,4,Social Media,0,0.0
CUST1439,66,Female,39643.98,East,1,SMS,1,234.4
CUST1440,54,Male,46540.24,East,2,Social Media,0,0.0
CUST1441,38,Female,27073.56,South,4,Social Media,0,0.0
CUST1442,43,Male,72317.04,North,4,SMS,0,0.0
CUST1443,48,Female,38265.9,South,4,TV,0,0.0
CUST1444,37,Male,42279.12,West,6,Email,0,0.0
CUST1445,23,Female,66336.92,East,6,Social Media,1,419.24
CUST1446,67,Male,41916.87,South,3,Social Media,1,144.81
CUST1447,32,Female,41193.35,West,4,SMS,0,0.0
CUST1448,18,Female,22403.84,North,1,SMS,1,46.96
CUST1449,43,Female,68427.77,East,3,TV,0,0.0
CUST1450,46,Male,47142.75,East,3,Social Media,1,74.26
CUST1451,19,Female,71955.82,North,4,Email,0,0.0
CUST1452,39,Male,54841.94,North,5,Social Media,0,0.0
CUST1453,46,Male,47849.41,North,3,TV,0,0.0
CUST1454,26,Female,26711.38,East,1,Social Media,0,0.0
CUST1455,58,Male,36339.26,South,1,SMS,0,0.0
CUST1456,38,Male,37128.63,South,2,Email,0,0.0
CUST1457,49,Male,54583.25,West,2,Email,1,86.09
CUST1458,49,Female,58053.91,West,2,Email,0,0.0
CUST1459,64,Male,79386.0,West,5,SMS,1,254.63
CUST1460,61,Male,53359.7,West,5,Email,0,0.0
CUST1461,57,Female,61551.46,North,3,TV,1,57.27
CUST1462,43,Female,51498.73,East,2,Social Media,0,0.0
CUST1463,65,Male,67662.21,East,4,TV,0,0.0
CUST1464,30,Female,81730.06,East,3,SMS,1,39.92
CUST1465,20,Female,42462.99,South,5,Social Media,0,0.0
CUST1466,49,Male,54849.68,South,2,TV,1,117.24
CUST1467,50,Male,34799.68,West,4,Email,0,0.0
CUST1468,50,Male,40303.34,East,3,TV,0,0.0
CUST1469,59,Female,49767.57,West,4,TV,1,466.44
CUST1470,59,Male,44349.76,East,2,Social Media,0,0.0
CUST1471,30,Male,80997.33,East,4,Email,1,67.01
CUST1472,60,Female,38257.56,South,2,Email,0,0.0
CUST1473,23,Male,42052.93,South,1,Social Media,0,0.0
CUST1474,21,Male,50256.74,East,2,TV,0,0.0
CUST1475,55,Female,37145.21,South,3,SMS,0,0.0
CUST1476,23,Female,25340.96,East,8,SMS,0,0.0
CUST1477,68,Male,40417.69,South,4,Email,0,0.0
CUST1478,20,Female,38737.4,East,2,SMS,1,122.06
CUST1479,44,Male,54419.48,South,4,Email,0,0.0
CUST1480,57,Female,56808.58,South,0,Social Media,0,0.0
CUST1481,37,Male,67909.73,North,1,Social Media,1,238.96
CUST1482,35,Female,78745.67,East,4,Email,0,0.0
CUST1483,37,Female,54913.23,West,2,Social Media,1,229.86
CUST1484,47,Female,35971.47,East,5,TV,1,1.44
CUST1485,27,Female,46304.18,North,1,SMS,0,0.0
CUST1486,69,Male,55513.8,South,2,Email,0,0.0
CUST1487,40,Male,56191.93,North,1,TV,1,121.12
CUST1488,64,Male,45297.62,North,1,Email,1,283.27
CUST1489,20,Male,75340.65,East,2,SMS,0,0.0
CUST1490,69,Female,48242.59,North,3,Social Media,0,0.0
CUST1491,67,Female,34978.62,South,3,Email,0,0.0
CUST1492,26,Female,51146.01,West,3,SMS,0,0.0
CUST1493,66,Female,52787.7,East,1,TV,1,869.52
CUST1494,36,Male,67290.37,North,1,TV,1,186.19
CUST1495,53,Male,48646.74,South,4,TV,0,0.0
CUST1496,57,Male,66540.86,North,5,TV,1,38.88
CUST1497,44,Female,58730.36,West,5,Email,0,0.0
CUST1498,59,Female,79782.72,West,3,SMS,1,0.48
CUST1499,45,Female,34554.5,South,4,SMS,1,144.27
CUST1500,60,Male,68191.41,North,1,Social Media,0,0.0
CUST1501,68,Female,58074.63,East,3,Social Media,1,203.68
CUST1502,25,Female,34203.72,East,8,Email,1,247.7
CUST1503,59,Female,40170.09,South,4,SMS,1,115.38
CUST1504,65,Male,58884.67,East,1,TV,1,28.05
CUST1505,25,Male,49021.46,South,0,Email,1,183.62
CUST1506,35,Male,50818.88,North,1,Social Media,0,0.0
CUST1507,38,Male,34681.82,East,2,Social Media,0,0.0
CUST1508,63,Male,50059.53,South,4,Email,0,0.0
CUST1509,30,Male,55140.69,East,5,TV,1,445.25
CUST1510,44,Female,49233.61,North,1,SMS,0,0.0
CUST1511,64,Male,59759.83,South,1,Email,0,0.0
CUST1512,57,Female,43029.22,East,2,SMS,0,0.0
CUST1513,33,Female,20022.41,North,0,SMS,0,0.0
CUST1514,57,Female,28991.38,West,2,Email,0,0.0
CUST1515,26,Female,50232.77,West,3,Email,0,0.0
CUST1516,44,Female,67876.02,East,8,SMS,0,0.0
CUST1517,34,Female,54883.21,North,0,Email,0,0.0
CUST1518,20,Male,36376.0,West,1,SMS,1,174.73
CUST1519,21,Female,59833.01,West,5,Email,1,177.35
CUST1520,57,Female,53603.67,West,2,Email,0,0.0
CUST1521,69,Female,40320.65,East,2,Social Media,0,0.0
CUST1522,18,Female,55400.4,West,4,Social Media,0,0.0
CUST1523,31,Female,21835.52,West,3,SMS,1,16.65
CUST1524,25,Male,53510.61,East,3,Email,1,120.01
CUST1525,24,Male,59364.86,West,2,Email,1,311.42
CUST1526,47,Male,62179.1,South,3,TV,0,0.0
CUST1527,42,Female,19667.65,West,2,Email,0,0.0
CUST1528,56,Female,36212.48,North,2,SMS,0,0.0
CUST1529,33,Female,66232.01,West,1,SMS,1,222.47
CUST1530,28,Female,46990.83,West,3,Social Media,1,130.48
CUST1531,42,Female,41250.96,South,2,SMS,1,130.83
CUST1532,50,Male,32238.76,East,3,TV,0,0.0
CUST1533,69,Female,66209.2,North,6,SMS,0,0.0
CUST1534,68,Female,2444.55,East,4,TV,0,0.0
CUST1535,65,Female,51196.4,South,2,Email,0,0.0
CUST1536,38,Male,51167.76,North,1,TV,0,0.0
CUST1537,69,Female,63158.21,South,2,SMS,1,499.28
CUST1538,69,Male,37918.98,West,5,TV,0,0.0
CUST1539,27,Male,37440.87,West,7,TV,0,0.0
CUST1540,67,Female,59156.27,East,0,Email,0,0.0
CUST1541,26,Female,36466.37,South,4,Email,0,0.0
CUST1542,18,Male,65779.13,East,4,Social Media,1,1023.18
CUST1543,51,Female,73641.22,North,2,SMS,1,386.78
CUST1544,48,Male,24940.48,North,3,Social Media,0,0.0
CUST1545,38,Female,48198.54,West,3,SMS,0,0.0
CUST1546,41,Female,46167.69,North,9,TV,0,0.0
CUST1547,36,Female,29682.7,South,4,SMS,1,85.08
CUST1548,65,Female,71907.08,West,2,Social Media,0,0.0
CUST1549,38,Male,64181.34,South,2,TV,0,0.0
CUST1550,42,Male,56561.46,West,5,TV,1,117.83
CUST1551,37,Male,44677.22,South,6,Email,0,0.0
CUST1552,43,Female,57197.76,North,4,Social Media,1,207.08
CUST1553,24,Male,61400.39,East,5,Social Media,0,0.0
CUST1554,20,Female,50033.71,West,3,Email,1,305.21
CUST1555,57,Male,72975.62,North,0,Social Media,1,2.59
CUST1556,65,Female,51031.31,East,3,Social Media,0,0.0
CUST1557,25,Male,32476.72,South,1,Email,0,0.0
CUST1558,47,Female,40055.14,North,1,TV,0,0.0
CUST1559,28,Male,56283.99,North,3,Social Media,0,0.0
CUST1560,25,Male,44578.55,North,7,Social Media,0,0.0
CUST1561,54,Female,59648.38,West,3,Social Media,1,266.57
CUST1562,34,Female,13809.14,North,0,TV,1,28.38
CUST1563,25,Male,30589.05,North,2,Social Media,0,0.0
CUST1564,64,Male,44658.39,North,1,Social Media,0,0.0
CUST1565,61,Female,23476.94,West,1,SMS,0,0.0
CUST1566,47,Male,49705.34,West,6,Social Media,0,0.0
CUST1567,60,Male,74242.64,South,6,Social Media,0,0.0
CUST1568,60,Male,44920.82,South,3,Social Media,1,74.9
CUST1569,33,Female,61686.05,South,2,Email,0,0.0
CUST1570,21,Male,50996.44,North,3,TV,0,0.0
CUST1571,38,Female,66983.81,South,0,SMS,1,16.9
CUST1572,67,Female,43209.09,West,3,TV,1,16.96
CUST1573,51,Female,59821.6,East,1,TV,1,677.25
CUST1574,57,Male,14365.53,South,3,Email,1,104.85
CUST1575,52,Female,39388.32,East,1,TV,0,0.0
CUST1576,30,Female,64325.08,East,0,Email,0,0.0
CUST1577,60,Female,70126.39,South,2,SMS,0,0.0
CUST1578,44,Female,32549.09,South,2,Social Media,0,0.0
CUST1579,25,Female,31714.27,East,3,Social Media,0,0.0
CUST1580,58,Female,61337.59,East,4,Email,0,0.0
CUST1581,59,Female,61144.74,East,4,Social Media,1,12.68
CUST1582,46,Male,46547.16,East,5,Social Media,1,20.48
CUST1583,33,Female,58914.86,North,5,Email,0,0.0
CUST1584,60,Male,33626.05,North,3,TV,0,0.0
CUST1585,63,Female,47091.89,West,4,TV,0,0.0
CUST1586,22,Female,30101.03,West,5,SMS,0,0.0
CUST1587,54,Female,44582.59,North,0,TV,0,0.0
CUST1588,57,Female,52728.49,East,3,SMS,0,0.0
CUST1589,57,Female,65430.97,West,4,Email,1,60.42
CUST1590,59,Male,54353.35,East,2,Email,0,0.0
CUST1591,27,Male,44351.05,North,3,TV,1,237.88
CUST1592,32,Female,55349.13,South,6,Social Media,0,0.0
CUST1593,38,Female,43179.9,South,3,Email,0,0.0
CUST1594,51,Female,45106.6,South,2,SMS,0,0.0
CUST1595,39,Male,20181.07,West,2,Email,0,0.0
CUST1596,39,Female,32318.35,West,3,TV,0,0.0
CUST1597,26,Female,43531.49,West,3,SMS,0,0.0
CUST1598,43,Female,31016.28,North,7,Email,0,0.0
CUST1599,30,Male,57236.54,East,4,TV,0,0.0
CUST1600,35,Female,76317.18,South,4,Social Media,1,87.46
CUST1601,18,Male,61309.0,West,2,SMS,0,0.0
CUST1602,40,Male,57187.45,East,3,TV,0,0.0
CUST1603,50,Female,36596.87,South,1,Email,0,0.0
CUST1604,64,Female,38655.93,North,2,Email,1,11.39
CUST1605,48,Male,63343.77,East,3,Social Media,0,0.0
CUST1606,38,Female,60179.76,South,1,TV,1,178.21
CUST1607,40,Male,39158.54,South,6,Social Media,0,0.0
CUST1608,33,Female,65470.1,West,5,TV,1,296.17
CUST1609,44,Female,24289.82,East,0,SMS,0,0.0
CUST1610,54,Female,20075.84,East,7,Email,1,261.2
CUST1611,55,Female,35862.01,East,1,Email,1,4.45
CUST1612,69,Female,52966.17,East,5,TV,0,0.0
CUST1613,31,Female,49158.83,South,0,Email,0,0.0
CUST1614,54,Male,42964.16,North,1,Social Media,0,0.0
CUST1615,64,Female,57619.32,West,5,TV,0,0.0
CUST1616,24,Male,79396.96,East,0,Email,1,18.43
CUST1617,29,Female,68839.88,West,2,TV,0,0.0
CUST1618,45,Male,56146.87,North,4,TV,1,453.9
CUST1619,20,Male,45423.33,North,2,SMS,0,0.0
CUST1620,39,Male,53447.27,South,3,Social Media,1,102.92
CUST1621,68,Male,51006.13,South,5,Social Media,1,140.17
CUST1622,38,Female,54476.08,East,2,SMS,1,48.52
CUST1623,46,Female,56657.74,North,1,TV,0,0.0
CUST1624,37,Male,50281.16,East,3,Social Media,1,480.36
CUST1625,20,Female,77455.54,South,3,TV,0,0.0
CUST1626,44,Female,48293.67,North,1,TV,0,0.0
CUST1627,38,Female,52936.88,West,8,SMS,1,36.52
CUST1628,58,Male,46394.68,West,1,Email,0,0.0
CUST1629,50,Male,58191.33,North,4,TV,0,0.0
CUST1630,47,Male,55372.2,South,1,Email,0,0.0
CUST1631,65,Female,63364.85,South,3,Social Media,1,74.25
CUST1632,56,Male,38834.83,South,5,SMS,0,0.0
CUST1633,58,Female,52320.96,South,4,TV,0,0.0
CUST1634,26,Male,56509.61,South,4,Email,0,0.0
CUST1635,65,Male,64790.88,West,2,Social Media,0,0.0
CUST1636,55,Male,65731.34,South,0,TV,0,0.0
CUST1637,40,Male,24662.85,North,1,TV,0,0.0
CUST1638,40,Male,40328.37,West,3,Social Media,0,0.0
CUST1639,18,Female,58648.67,North,7,TV,0,0.0
CUST1640,38,Female,59362.24,North,4,SMS,0,0.0
CUST1641,49,Male,61802.86,East,4,Social Media,1,19.84
CUST1642,62,Male,71347.48,East,3,SMS,0,0.0
CUST1643,43,Male,54336.97,North,3,Email,1,206.69
CUST1644,50,Female,67109.83,South,5,Social Media,0,0.0
CUST1645,26,Female,80809.38,West,2,SMS,0,0.0
CUST1646,34,Male,50887.0,North,2,Social Media,0,0.0
CUST1647,23,Male,55837.24,West,3,Social Media,0,0.0
CUST1648,63,Female,2805.12,East,3,Social Media,0,0.0
CUST1649,24,Female,64316.65,West,3,TV,0,0.0
CUST1650,24,Male,82031.02,East,5,Social Media,0,0.0
CUST1651,54,Female,26187.09,East,2,Social Media,1,378.29
CUST1652,22,Female,46911.9,East,1,Social Media,0,0.0
CUST1653,50,Female,51911.04,South,2,TV,0,0.0
CUST1654,67,Female,62613.56,North,1,SMS,0,0.0
CUST1655,27,Male,64810.19,South,3,TV,1,69.62
CUST1656,34,Female,44610.67,East,1,TV,1,7.77
CUST1657,57,Female,42678.43,East,3,Social Media,0,0.0
CUST1658,45,Male,34987.03,West,6,SMS,0,0.0
CUST1659,64,Male,47218.9,North,3,Social Media,0,0.0
CUST1660,63,Male,61272.66,South,2,SMS,0,0.0
CUST1661,39,Male,72768.26,North,4,TV,0,0.0
CUST1662,38,Female,35727.09,West,3,Social Media,0,0.0
CUST1663,64,Male,56359.74,East,2,Email,0,0.0
CUST1664,49,Male,76627.12,North,0,SMS,1,36.89
CUST1665,49,Male,52489.95,East,1,TV,1,163.96
CUST1666,68,Male,37454.93,North,8,Social Media,0,0.0
CUST1667,53,Male,45791.7,West,1,TV,1,8.99
CUST1668,48,Female,52130.1,North,3,TV,0,0.0
CUST1669,23,Female,75749.31,West,2,Social Media,0,0.0
CUST1670,38,Female,49708.72,North,1,Email,1,169.82
CUST1671,52,Male,39817.04,East,3,SMS,0,0.0
CUST1672,31,Male,72572.97,North,1,Social Media,0,0.0
CUST1673,40,Female,50131.39,North,2,Email,1,89.89
CUST1674,59,Female,6847.29,South,5,Social Media,1,83.8
CUST1675,41,Male,39882.83,West,4,Email,0,0.0
CUST1676,47,Male,32114.87,East,7,TV,1,80.16
CUST1677,27,Female,64390.23,South,5,Social Media,0,0.0
CUST1678,22,Male,39162.27,North,5,Social Media,1,50.28
CUST1679,59,Female,57541.2,East,4,TV,0,0.0
CUST1680,47,Male,40132.79,North,1,Email,1,142.69
CUST1681,24,Male,55465.8,North,5,TV,0,0.0
CUST1682,23,Female,57405.51,West,4,Social Media,0,0.0
CUST1683,25,Male,55269.12,East,1,Social Media,0,0.0
CUST1684,69,Male,51326.53,North,3,Social Media,0,0.0
CUST1685,43,Male,54315.81,North,4,Social Media,0,0.0
CUST1686,35,Female,47367.46,East,2,TV,0,0.0
CUST1687,53,Male,46482.39,South,6,Social Media,0,0.0
CUST1688,43,Male,58271.98,West,3,Social Media,1,127.24
CUST1689,53,Male,43736.77,South,2,TV,0,0.0
CUST1690,58,Female,62646.48,West,5,TV,0,0.0
CUST1691,21,Female,45064.74,East,1,Email,0,0.0
CUST1692,30,Female,37726.75,North,5,TV,0,0.0
CUST1693,41,Female,62460.84,South,2,TV,0,0.0
CUST1694,48,Male,62795.8,West,3,SMS,0,0.0
CUST1695,39,Male,47896.44,East,5,SMS,1,208.8
CUST1696,57,Female,76152.08,West,3,Email,1,139.34
CUST1697,35,Female,78743.07,East,2,Email,0,0.0
CUST1698,51,Male,55131.58,South,0,Social Media,1,81.45
CUST1699,40,Female,49374.75,East,3,TV,1,260.09
CUST1700,56,Female,54312.85,West,2,SMS,0,0.0
CUST1701,64,Female,47057.0,North,1,SMS,0,0.0
CUST1702,54,Male,47459.81,South,2,Social Media,0,0.0
CUST1703,64,Female,28810.35,East,4,SMS,1,85.64
CUST1704,18,Male,44473.16,West,3,Social Media,0,0.0
CUST1705,59,Female,71470.3,East,1,SMS,0,0.0
CUST1706,37,Male,72443.31,East,1,TV,0,0.0
CUST1707,64,Male,44749.27,West,1,TV,0,0.0
CUST1708,42,Male,21001.61,South,3,Email,1,31.48
CUST1709,23,Female,73179.07,West,2,SMS,1,170.3
CUST1710,69,Male,67306.91,East,4,SMS,0,0.0
CUST1711,47,Female,55961.96,North,3,Social Media,1,265.36
CUST1712,37,Male,34888.57,South,3,SMS,1,547.64
CUST1713,26,Female,41532.54,South,1,SMS,0,0.0
CUST1714,65,Female,41947.0,North,3,Email,0,0.0
CUST1715,66,Female,31357.42,North,3,Social Media,0,0.0
CUST1716,35,Female,47731.52,South,4,Email,0,0.0
CUST1717,57,Male,37888.9,North,1,Social Media,0,0.0
CUST1718,20,Male,50229.17,East,4,Email,0,0.0
CUST1719,53,Male,55258.18,West,3,Email,1,382.55
CUST1720,23,Male,44893.36,South,5,Social Media,1,65.08
CUST1721,61,Male,42056.64,North,4,Social Media,0,0.0
CUST1722,55,Female,70843.44,South,2,Social Media,0,0.0
CUST1723,18,Female,68471.06,South,4,TV,0,0.0
CUST1724,36,Female,51587.1,North,2,Social Media,0,0.0
CUST1725,55,Female,30865.82,South,4,TV,0,0.0
CUST1726,45,Female,37316.22,North,5,Email,1,22.16
CUST1727,64,Male,55071.61,West,4,Email,0,0.0
CUST1728,26,Male,73759.08,East,0,SMS,1,124.97
CUST1729,64,Female,37986.55,West,4,Social Media,0,0.0
CUST1730,27,Female,36560.94,South,3,TV,0,0.0
CUST1731,41,Female,48507.75,North,3,Social Media,0,0.0
CUST1732,43,Female,36104.15,South,1,TV,1,133.7
CUST1733,25,Female,57956.74,East,3,Social Media,0,0.0
CUST1734,22,Male,14347.33,West,6,Social Media,0,0.0
CUST1735,30,Female,60106.35,South,4,Email,1,150.5
CUST1736,39,Male,45859.88,West,0,TV,1,670.87
CUST1737,51,Female,53602.6,South,4,SMS,0,0.0
CUST1738,42,Male,37019.07,North,3,Social Media,0,0.0
CUST1739,40,Male,62589.75,East,0,Social Media,0,0.0
CUST1740,58,Male,60607.56,West,2,Social Media,1,158.51
CUST1741,65,Male,37560.98,East,1,Social Media,0,0.0
CUST1742,38,Male,48088.05,South,3,TV,0,0.0
CUST1743,20,Male,69214.25,North,4,Social Media,0,0.0
CUST1744,25,Female,45005.67,North,2,Social Media,0,0.0
CUST1745,63,Female,25434.37,South,5,Social Media,1,805.0
CUST1746,67,Male,29076.29,North,2,TV,0,0.0
CUST1747,56,Male,40803.0,South,4,Email,1,189.79
CUST1748,68,Female,38043.6,East,1,TV,0,0.0
CUST1749,56,Female,68239.86,South,3,TV,1,119.87
CUST1750,39,Female,43307.36,South,4,TV,0,0.0
CUST1751,62,Male,79211.37,North,1,SMS,1,106.43
CUST1752,28,Male,75243.94,West,4,Email,0,0.0
CUST1753,40,Male,27218.33,South,5,Email,0,0.0
CUST1754,66,Female,67400.54,West,2,SMS,0,0.0
CUST1755,33,Male,43864.46,East,6,TV,0,0.0
CUST1756,69,Male,60740.94,North,5,SMS,0,0.0
CUST1757,68,Female,56147.29,East,3,TV,1,2.95
CUST1758,45,Female,46410.12,East,4,Email,0,0.0
CUST1759,52,Male,61994.26,West,4,SMS,0,0.0
CUST1760,59,Female,66171.94,East,4,SMS,0,0.0
CUST1761,46,Male,53344.45,North,5,Social Media,0,0.0
CUST1762,55,Female,64873.48,East,5,Email,1,214.05
CUST1763,23,Female,97863.57,West,4,Social Media,1,20.45
CUST1764,66,Female,50861.68,East,3,Email,0,0.0
CUST1765,31,Female,55399.78,South,2,SMS,0,0.0
CUST1766,46,Male,52401.31,West,2,Social Media,0,0.0
CUST1767,66,Female,52941.56,West,3,SMS,0,0.0
CUST1768,45,Male,60380.19,South,2,TV,1,57.91
CUST1769,27,Male,56815.36,South,2,Email,0,0.0
CUST1770,63,Female,38747.47,West,2,SMS,1,354.04
CUST1771,64,Male,44402.46,West,5,Social Media,1,117.99
CUST1772,21,Male,50215.13,North,1,Social Media,1,108.73
CUST1773,41,Male,41503.2,South,6,SMS,0,0.0
CUST1774,19,Male,57396.69,North,2,TV,0,0.0
CUST1775,63,Female,43033.99,East,2,Social Media,0,0.0
CUST1776,46,Female,38976.29,North,3,Email,0,0.0
CUST1777,42,Male,27067.08,North,3,Email,0,0.0
CUST1778,48,Female,37597.25,South,3,Social Media,0,0.0
CUST1779,64,Male,40433.63,South,2,SMS,1,74.83
CUST1780,68,Male,50172.56,East,6,TV,1,163.47
CUST1781,63,Female,65849.44,East,2,TV,0,0.0
CUST1782,32,Female,79182.97,West,3,TV,0,0.0
CUST1783,55,Female,70202.47,South,5,Email,0,0.0
CUST1784,50,Male,54129.42,West,1,SMS,0,0.0
CUST1785,67,Female,83798.62,North,1,Social Media,1,702.13
CUST1786,66,Male,46737.52,North,4,SMS,0,0.0
CUST1787,25,Female,38497.84,North,7,TV,0,0.0
CUST1788,57,Male,47443.19,South,2,Social Media,1,166.3
CUST1789,33,Male,62453.6,North,4,TV,0,0.0
CUST1790,55,Female,34846.73,North,3,SMS,0,0.0
CUST1791,61,Male,68784.66,South,3,TV,0,0.0
CUST1792,58,Male,25757.43,South,2,SMS,1,108.06
CUST1793,51,Male,53820.04,East,1,TV,0,0.0
CUST1794,23,Male,42752.8,East,1,SMS,1,321.71
CUST1795,56,Female,53849.86,South,2,Email,0,0.0
CUST1796,57,Male,39094.88,West,5,Social Media,0,0.0
CUST1797,66,Male,57696.16,East,7,TV,0,0.0
CUST1798,40,Female,34436.32,South,3,Email,1,6.33
CUST1799,67,Male,26600.88,South,1,Social Media,0,0.0
CUST1800,38,Male,28554.5,North,2,Social Media,0,0.0
CUST1801,52,Male,27649.88,East,3,Email,0,0.0
CUST1802,64,Female,42533.35,North,5,SMS,0,0.0
CUST1803,46,Male,80718.0,East,3,SMS,0,0.0
CUST1804,52,Male,63796.61,North,2,Email,0,0.0
CUST1805,19,Female,47120.85,West,6,Social Media,1,22.05
CUST1806,50,Male,52793.51,West,2,Social Media,0,0.0
CUST1807,43,Male,61046.07,West,3,TV,0,0.0
CUST1808,61,Female,80079.06,West,6,TV,1,172.36
CUST1809,49,Female,63661.4,East,6,TV,0,0.0
CUST1810,35,Female,57091.38,South,5,Social Media,0,0.0
CUST1811,51,Male,57637.49,South,4,SMS,0,0.0
CUST1812,47,Male,46594.49,South,1,Email,0,0.0
CUST1813,61,Male,71806.34,East,5,Email,0,0.0
CUST1814,40,Female,65926.82,South,3,Social Media,0,0.0
CUST1815,65,Male,35187.62,West,1,SMS,0,0.0
CUST1816,37,Male,20547.56,West,2,Email,1,301.08
CUST1817,63,Female,50926.51,East,2,Email,1,178.25
CUST1818,40,Male,43512.39,West,3,Email,0,0.0
CUST1819,57,Female,39700.59,East,5,TV,1,741.98
CUST1820,25,Male,15677.73,North,2,Email,1,41.45
CUST1821,31,Male,58188.17,South,3,TV,0,0.0
CUST1822,40,Female,29458.51,West,4,TV,0,0.0
CUST1823,63,Female,74155.42,West,3,TV,1,125.76
CUST1824,31,Male,37243.31,East,5,Social Media,0,0.0
CUST1825,19,Male,62467.67,South,2,SMS,0,0.0
CUST1826,21,Male,35856.03,West,6,TV,0,0.0
CUST1827,41,Male,47931.36,South,4,SMS,1,151.89
CUST1828,68,Male,42936.04,West,4,TV,0,0.0
CUST1829,53,Male,45682.98,South,5,SMS,1,304.02
CUST1830,26,Female,57498.9,East,2,Social Media,0,0.0
CUST1831,33,Female,49210.02,South,1,Social Media,0,0.0
CUST1832,49,Male,63895.99,West,1,TV,1,33.31
CUST1833,49,Female,73809.04,West,2,SMS,1,163.45
CUST1834,44,Female,50136.94,North,4,Email,0,0.0
CUST1835,32,Male,51551.87,South,2,Social Media,0,0.0
CUST1836,66,Female,63965.2,West,3,SMS,0,0.0
CUST1837,21,Female,49371.61,South,5,TV,1,727.5
CUST1838,53,Female,38384.23,South,2,SMS,0,0.0
CUST1839,42,Male,65063.22,South,2,SMS,0,0.0
CUST1840,32,Female,58634.71,West,5,SMS,1,437.71
CUST1841,29,Male,40800.29,South,4,TV,1,5.54
CUST1842,24,Male,47649.5,West,1,SMS,0,0.0
CUST1843,53,Male,57795.6,North,3,Social Media,0,0.0
CUST1844,41,Female,73163.91,South,4,TV,0,0.0
CUST1845,23,Female,34848.41,North,3,Social Media,0,0.0
CUST1846,65,Female,61769.39,North,3,SMS,0,0.0
CUST1847,58,Female,26750.35,West,4,Email,0,0.0
CUST1848,62,Male,55555.39,North,5,TV,0,0.0
CUST1849,48,Female,98570.71,West,3,Social Media,0,0.0
CUST1850,38,Male,53422.95,West,3,SMS,1,141.82
CUST1851,28,Female,72396.51,East,0,Email,1,333.27
CUST1852,33,Female,57603.08,South,3,SMS,1,303.03
CUST1853,31,Female,19321.79,East,5,Email,0,0.0
CUST1854,42,Male,55615.54,East,0,TV,0,0.0
CUST1855,31,Male,57460.66,North,1,TV,0,0.0
CUST1856,55,Male,46001.99,South,2,SMS,0,0.0
CUST1857,35,Male,54969.79,West,3,Social Media,1,34.98
CUST1858,31,Female,64277.18,North,1,TV,1,267.31
CUST1859,41,Male,41617.65,North,8,Email,0,0.0
CUST1860,68,Male,78027.42,East,6,SMS,1,336.26
CUST1861,25,Male,66648.57,East,6,Email,0,0.0
CUST1862,62,Male,46613.82,East,7,Email,0,0.0
CUST1863,42,Female,58620.19,West,5,Email,0,0.0
CUST1864,51,Female,23114.56,West,3,Email,0,0.0
CUST1865,62,Male,64815.98,East,2,Social Media,0,0.0
CUST1866,61,Female,47249.23,West,6,TV,0,0.0
CUST1867,45,Male,62985.4,West,1,SMS,1,118.89
CUST1868,41,Female,66164.32,West,3,Email,1,117.01
CUST1869,35,Male,50119.7,North,3,Email,1,120.49
CUST1870,51,Male,24464.11,North,3,TV,1,145.93
CUST1871,59,Male,59877.1,North,1,Email,0,0.0
CUST1872,20,Male,53424.74,South,3,Email,1,112.19
CUST1873,29,Female,35800.49,West,3,TV,0,0.0
CUST1874,53,Male,67499.82,North,4,TV,0,0.0
CUST1875,22,Male,40452.23,West,3,Social Media,0,0.0
CUST1876,36,Female,59876.75,West,3,Email,0,0.0
CUST1877,29,Male,76324.03,West,4,SMS,1,34.09
CUST1878,44,Male,86012.32,West,4,Email,1,45.02
CUST1879,34,Male,66857.66,North,5,TV,0,0.0
CUST1880,60,Female,45178.28,North,2,TV,1,59.05
CUST1881,45,Female,38968.78,North,2,Social Media,1,47.95
CUST1882,57,Male,45929.0,East,3,TV,0,0.0
CUST1883,39,Female,35915.42,East,0,SMS,0,0.0
CUST1884,27,Male,34943.39,East,3,TV,1,236.19
CUST1885,58,Female,54312.67,East,3,Social Media,0,0.0
CUST1886,23,Male,53701.23,West,2,Social Media,0,0.0
CUST1887,34,Female,52972.8,West,3,SMS,0,0.0
CUST1888,29,Female,48912.5,West,0,Social Media,0,0.0
CUST1889,23,Female,61914.17,West,7,Social Media,0,0.0
CUST1890,60,Male,52729.3,North,2,Email,0,0.0
CUST1891,39,Female,49609.08,West,2,TV,0,0.0
CUST1892,67,Male,47877.55,East,4,SMS,1,104.07
CUST1893,33,Female,50240.61,North,1,Email,0,0.0
CUST1894,21,Male,68008.19,North,5,TV,1,105.48
CUST1895,42,Female,29693.19,East,3,Social Media,1,254.66
CUST1896,50,Male,20891.62,West,0,Social Media,1,149.83
CUST1897,18,Male,70608.08,North,1,Email,0,0.0
CUST1898,32,Male,34487.89,East,2,Email,0,0.0
CUST1899,34,Male,56442.97,North,2,Email,0,0.0
CUST1900,60,Male,45327.62,East,0,Email,1,232.24
CUST1901,36,Female,65492.38,South,3,Email,0,0.0
CUST1902,67,Female,76688.28,North,5,TV,0,0.0
CUST1903,36,Female,39089.97,North,4,TV,0,0.0
CUST1904,37,Female,69100.21,West,3,Social Media,0,0.0
CUST1905,18,Male,29883.02,East,1,Email,0,0.0
CUST1906,40,Male,66279.93,East,5,Email,0,0.0
CUST1907,33,Male,50247.65,South,3,Social Media,1,76.87
CUST1908,41,Male,60934.61,West,2,Social Media,1,120.83
CUST1909,37,Female,44377.27,West,1,Email,1,220.4
CUST1910,32,Male,71605.94,East,2,TV,0,0.0
CUST1911,41,Female,67302.19,North,3,Email,0,0.0
CUST1912,54,Male,42587.43,West,4,SMS,0,0.0
CUST1913,58,Female,43063.5,South,3,Social Media,0,0.0
CUST1914,50,Female,58079.68,South,2,TV,0,0.0
CUST1915,49,Female,45541.07,West,2,TV,1,145.02
CUST1916,48,Female,57423.56,South,2,Social Media,0,0.0
CUST1917,32,Female,57962.0,South,2,Social Media,1,120.24
CUST1918,18,Female,52694.42,East,3,SMS,0,0.0
CUST1919,66,Female,32246.88,North,4,SMS,1,372.28
CUST1920,29,Male,61219.96,West,4,Social Media,0,0.0
CUST1921,52,Male,59067.4,North,1,Social Media,0,0.0
CUST1922,54,Female,48229.79,South,2,TV,0,0.0
CUST1923,65,Male,63024.9,North,3,TV,1,524.54
CUST1924,47,Female,19790.58,West,1,TV,0,0.0
CUST1925,43,Female,63469.62,West,3,Email,1,87.0
CUST1926,28,Female,31410.7,North,3,TV,0,0.0
CUST1927,49,Male,42533.24,East,3,Social Media,0,0.0
CUST1928,19,Male,41622.55,West,4,Social Media,1,264.32
CUST1929,27,Female,44706.08,East,5,Social Media,0,0.0
CUST1930,63,Male,78525.85,South,3,SMS,1,13.59
CUST1931,39,Female,46368.78,South,2,SMS,0,0.0
CUST1932,26,Female,55951.91,South,4,TV,0,0.0
CUST1933,47,Male,35844.1,South,3,SMS,0,0.0
CUST1934,42,Male,51296.61,West,0,Social Media,1,50.56
CUST1935,38,Female,35303.83,South,3,Email,0,0.0
CUST1936,35,Male,64310.91,East,2,SMS,1,68.14
CUST1937,37,Male,68869.24,North,5,SMS,1,180.33
CUST1938,68,Male,65630.72,West,2,Social Media,0,0.0
CUST1939,57,Female,63062.64,South,1,Social Media,0,0.0
CUST1940,33,Male,70768.17,West,3,Email,0,0.0
CUST1941,66,Male,60078.68,West,2,TV,0,0.0
CUST1942,56,Male,50416.57,West,3,Email,0,0.0
CUST1943,52,Female,23822.35,East,3,SMS,1,41.85
CUST1944,46,Male,34986.66,West,4,TV,0,0.0
CUST1945,63,Female,82657.79,West,8,Email,0,0.0
CUST1946,47,Male,56204.8,South,2,SMS,0,0.0
CUST1947,69,Female,31384.07,South,4,Email,1,191.64
CUST1948,65,Male,54016.16,South,1,Social Media,0,0.0
CUST1949,20,Male,60599.29,South,5,Email,1,107.76
CUST1950,49,Female,71295.43,West,5,TV,1,70.42
CUST1951,31,Female,47903.1,East,4,SMS,0,0.0
CUST1952,43,Male,72457.55,North,3,Social Media,0,0.0
CUST1953,22,Male,43979.33,South,5,SMS,1,745.14
CUST1954,45,Male,51075.29,East,1,Social Media,0,0.0
CUST1955,25,Female,24618.73,East,4,TV,0,0.0
CUST1956,62,Male,33889.04,North,2,TV,1,205.03
CUST1957,65,Male,29148.64,East,5,TV,0,0.0
CUST1958,50,Female,35995.91,South,4,Email,1,87.4
CUST1959,53,Male,47924.19,North,1,Social Media,1,237.58
CUST1960,30,Male,32623.67,North,5,SMS,1,65.04
CUST1961,37,Female,49014.82,East,5,SMS,1,232.24
CUST1962,35,Female,65394.12,South,2,Email,0,0.0
CUST1963,68,Male,45893.56,North,5,TV,0,0.0
CUST1964,67,Female,66471.59,South,1,Social Media,0,0.0
CUST1965,37,Female,62557.64,East,5,SMS,0,0.0
CUST1966,60,Male,57707.85,North,1,TV,1,425.43
CUST1967,50,Female,52784.91,South,4,Social Media,0,0.0
CUST1968,38,Male,70985.03,North,4,Social Media,0,0.0
CUST1969,63,Female,39649.45,North,1,SMS,0,0.0
CUST1970,41,Male,63477.95,North,2,Social Media,0,0.0
CUST1971,45,Female,32624.2,East,2,SMS,0,0.0
CUST1972,22,Female,36345.83,West,3,Email,1,174.77
CUST1973,47,Male,71117.67,North,4,Social Media,1,106.46
CUST1974,60,Female,18424.15,East,4,Social Media,1,284.31
CUST1975,41,Male,34921.97,North,2,Social Media,1,38.49
CUST1976,56,Female,55967.57,East,5,TV,0,0.0
CUST1977,31,Female,54124.7,North,2,Social Media,0,0.0
CUST1978,53,Male,45133.96,North,3,SMS,0,0.0
CUST1979,53,Male,31129.99,East,1,Email,0,0.0
CUST1980,43,Female,52045.21,West,1,TV,0,0.0
CUST1981,30,Male,52969.71,South,3,TV,0,0.0
CUST1982,57,Male,52082.06,East,4,Social Media,0,0.0
CUST1983,38,Male,43566.99,West,6,Social Media,0,0.0
CUST1984,43,Male,50079.18,North,9,TV,0,0.0
CUST1985,51,Male,46664.01,North,1,SMS,0,0.0
CUST1986,57,Male,51140.84,South,3,Social Media,1,1201.66
CUST1987,31,Male,77121.26,West,1,Social Media,0,0.0
CUST1988,38,Male,65559.72,North,3,SMS,0,0.0
CUST1989,60,Female,53912.8,South,2,Email,1,444.47
CUST1990,66,Female,54270.22,East,4,TV,0,0.0
CUST1991,64,Female,26180.19,North,5,TV,0,0.0
CUST1992,67,Male,56877.86,South,4,Email,1,15.62
CUST1993,36,Female,63233.75,East,5,Email,0,0.0
CUST1994,29,Female,45091.32,West,2,Email,1,613.56
CUST1995,53,Male,48009.35,West,6,Social Media,0,0.0
CUST1996,47,Female,44031.65,East,2,Social Media,0,0.0
CUST1997,61,Male,43689.27,West,3,Social Media,0,0.0
CUST1998,50,Female,25628.88,West,4,Email,0,0.0
CUST1999,61,Female,43202.21,South,6,Email,0,0.0
CUST2000,40,Male,33814.93,South,5,TV,1,243.07
CUST2001,58,Female,51457.12,South,4,TV,0,0.0
CUST2002,30,Male,32132.72,West,1,Social Media,0,0.0
CUST2003,45,Female,28088.3,East,4,Email,0,0.0
CUST2004,45,Male,56490.94,North,2,TV,0,0.0
CUST2005,36,Female,54409.01,South,2,Email,0,0.0
CUST2006,54,Male,35779.3,West,3,SMS,0,0.0
CUST2007,48,Male,69218.82,South,2,Social Media,0,0.0
CUST2008,67,Male,43712.25,North,3,Social Media,0,0.0
CUST2009,59,Female,51989.71,West,0,Social Media,0,0.0
CUST2010,56,Female,27310.71,North,2,SMS,0,0.0
CUST2011,34,Male,43522.26,West,3,Social Media,0,0.0
CUST2012,45,Female,54322.74,North,4,Email,1,48.0
CUST2013,21,Female,71449.22,East,5,Email,1,273.56
CUST2014,23,Female,40197.31,North,4,SMS,1,7.18
CUST2015,36,Male,31900.8,West,2,Email,0,0.0
CUST2016,40,Male,84892.49,East,3,Social Media,0,0.0
CUST2017,57,Male,70086.58,South,4,Email,0,0.0
CUST2018,62,Male,66100.25,East,5,TV,1,24.08
CUST2019,59,Male,60048.98,East,4,Email,0,0.0
CUST2020,23,Male,50593.46,South,5,TV,1,684.68
CUST2021,41,Female,63299.13,West,4,Email,0,0.0
CUST2022,39,Female,62355.38,East,4,SMS,1,213.42
CUST2023,38,Male,35044.83,North,7,Email,0,0.0
CUST2024,31,Male,49687.36,North,2,Email,0,0.0
CUST2025,41,Male,24983.37,East,2,Social Media,0,0.0
CUST2026,42,Female,83103.3,North,1,TV,0,0.0
CUST2027,34,Female,64001.87,East,2,Social Media,1,262.46
CUST2028,68,Female,44198.43,East,1,TV,0,0.0
CUST2029,63,Male,75065.05,North,3,TV,1,126.38
CUST2030,52,Female,45489.5,South,2,SMS,1,131.88
CUST2031,34,Male,71671.29,North,2,Email,1,336.4
CUST2032,45,Male,28487.13,East,1,SMS,0,0.0
CUST2033,19,Female,34738.44,East,3,Email,1,5.68
CUST2034,51,Male,53553.47,West,1,Social Media,1,118.82
CUST2035,18,Female,43132.52,West,2,Social Media,0,0.0
CUST2036,64,Female,39021.74,East,3,Social Media,0,0.0
CUST2037,20,Male,39470.55,South,2,Social Media,0,0.0
CUST2038,39,Male,64274.33,East,7,Email,0,0.0
CUST2039,59,Female,58677.0,West,5,TV,0,0.0
CUST2040,21,Male,48679.34,South,2,Email,1,184.25
CUST2041,32,Female,30972.0,West,5,Email,1,226.08
CUST2042,53,Female,72767.74,West,5,TV,1,315.8
CUST2043,56,Male,59612.54,North,6,SMS,0,0.0
CUST2044,29,Female,43450.24,North,2,Email,0,0.0
CUST2045,54,Female,44703.49,South,4,Social Media,0,0.0
CUST2046,65,Female,59503.58,South,2,TV,0,0.0
CUST2047,58,Male,49055.03,North,1,TV,0,0.0
CUST2048,24,Female,19642.99,East,1,Social Media,0,0.0
CUST2049,48,Male,40666.52,West,5,TV,0,0.0
CUST2050,22,Male,49783.23,East,3,SMS,0,0.0
CUST2051,44,Male,45026.23,South,5,Email,0,0.0
CUST2052,42,Male,68894.19,West,3,Email,0,0.0
CUST2053,34,Male,31662.17,South,5,Social Media,0,0.0
CUST2054,45,Female,55231.86,West,2,TV,0,0.0
CUST2055,44,Female,79881.69,East,3,Email,0,0.0
CUST2056,43,Female,57848.31,West,2,Social Media,1,403.42
CUST2057,66,Male,55601.66,East,1,TV,1,222.38
CUST2058,46,Female,38249.76,East,3,Email,0,0.0
CUST2059,44,Male,72636.17,West,4,Social Media,1,404.59
CUST2060,34,Female,31109.31,West,1,Email,0,0.0
CUST2061,55,Male,42341.59,East,2,Email,0,0.0
CUST2062,33,Female,66291.79,East,3,TV,1,267.46
CUST2063,26,Female,49479.41,East,5,TV,0,0.0
CUST2064,49,Male,25100.01,South,3,SMS,1,61.15
CUST2065,18,Male,35515.02,East,3,Social Media,0,0.0
CUST2066,26,Female,17879.17,North,1,SMS,0,0.0
CUST2067,67,Male,69659.4,South,4,Email,0,0.0
CUST2068,24,Male,41427.38,South,2,TV,0,0.0
CUST2069,61,Male,51580.65,East,1,Social Media,0,0.0
CUST2070,54,Male,63652.88,West,2,TV,1,981.37
CUST2071,57,Male,52553.57,North,2,Email,0,0.0
CUST2072,68,Male,23190.22,South,3,Email,0,0.0
CUST2073,62,Female,31805.05,South,0,Social Media,1,99.58
CUST2074,23,Male,52699.42,West,1,Social Media,0,0.0
CUST2075,54,Female,52091.88,South,2,SMS,1,369.73
CUST2076,56,Female,58427.65,West,3,Social Media,1,39.35
CUST2077,21,Male,79443.26,South,2,Email,0,0.0
CUST2078,66,Female,41826.66,East,4,SMS,0,0.0
CUST2079,54,Female,56719.26,East,6,Social Media,1,700.24
CUST2080,27,Male,51767.32,North,2,SMS,0,0.0
CUST2081,27,Male,58664.47,West,6,TV,1,157.01
CUST2082,66,Female,60161.41,East,1,TV,1,108.02
CUST2083,52,Male,67407.1,West,4,SMS,0,0.0
CUST2084,25,Male,45858.98,South,5,SMS,0,0.0
CUST2085,40,Male,48417.78,East,3,SMS,0,0.0
CUST2086,66,Male,61715.38,West,4,Social Media,1,19.62
CUST2087,69,Female,48909.29,West,1,TV,1,46.44
CUST2088,24,Female,57275.94,East,4,Email,0,0.0
CUST2089,19,Male,42551.81,West,0,Social Media,0,0.0
CUST2090,55,Male,23101.56,East,2,Social Media,1,243.86
CUST2091,37,Female,64882.7,West,4,Email,0,0.0
CUST2092,48,Male,75144.42,North,3,Email,1,181.72
CUST2093,47,Male,58661.29,North,3,TV,0,0.0
CUST2094,65,Female,32024.7,South,4,TV,1,400.86
CUST2095,42,Female,49383.45,West,6,Social Media,0,0.0
CUST2096,27,Female,53219.28,North,1,Social Media,0,0.0
CUST2097,34,Female,73274.54,South,3,SMS,0,0.0
CUST2098,26,Male,61217.87,West,2,SMS,0,0.0
CUST2099,60,Male,59446.85,North,3,Email,0,0.0
CUST2100,49,Female,67965.99,South,3,Social Media,0,0.0
CUST2101,41,Female,56777.09,South,7,SMS,0,0.0
CUST2102,33,Female,61474.56,West,3,Email,0,0.0
CUST2103,63,Male,50839.08,North,3,TV,0,0.0
CUST2104,29,Female,42295.65,West,4,Social Media,0,0.0
CUST2105,52,Male,64350.79,North,2,TV,0,0.0
CUST2106,60,Male,64817.21,South,3,TV,1,267.55
CUST2107,64,Female,28761.27,West,4,Email,1,137.51
CUST2108,63,Male,47086.85,South,2,SMS,1,213.9
CUST2109,34,Male,43247.04,West,1,Email,0,0.0
CUST2110,46,Male,70989.82,East,2,SMS,1,281.06
CUST2111,53,Female,72282.94,South,3,SMS,0,0.0
CUST2112,52,Male,54805.47,South,6,Email,0,0.0
CUST2113,21,Male,87405.21,East,2,Social Media,0,0.0
CUST2114,24,Female,32810.93,West,2,Email,0,0.0
CUST2115,36,Female,57433.99,West,0,SMS,0,0.0
CUST2116,64,Female,52970.43,East,3,Social Media,0,0.0
CUST2117,45,Male,37661.46,South,2,TV,0,0.0
CUST2118,58,Female,27505.94,East,1,TV,0,0.0
CUST2119,39,Male,56595.46,North,1,TV,0,0.0
CUST2120,38,Male,32053.81,West,1,Email,0,0.0
CUST2121,22,Male,58335.19,North,1,SMS,0,0.0
CUST2122,62,Male,43216.36,West,4,SMS,1,217.74
CUST2123,66,Female,54198.83,East,1,Social Media,0,0.0
CUST2124,49,Male,39651.91,West,3,TV,0,0.0
CUST2125,18,Female,46791.93,South,2,Social Media,1,241.79
CUST2126,37,Male,34909.07,West,1,SMS,0,0.0
CUST2127,45,Female,48947.67,East,3,SMS,0,0.0
CUST2128,61,Male,81356.82,North,2,TV,0,0.0
CUST2129,65,Female,39991.43,East,0,Social Media,0,0.0
CUST2130,54,Male,41466.46,North,4,Social Media,1,15.44
CUST2131,29,Male,85010.37,West,4,SMS,0,0.0
CUST2132,35,Female,43598.15,West,1,SMS,1,170.01
CUST2133,62,Male,75213.2,South,2,SMS,0,0.0
CUST2134,68,Female,60782.94,North,3,Email,0,0.0
CUST2135,67,Female,45577.83,West,2,Social Media,1,42.1
CUST2136,22,Male,42696.32,South,5,TV,0,0.0
CUST2137,48,Female,49565.67,South,4,Email,1,10.53
CUST2138,19,Male,38346.24,East,0,SMS,0,0.0
CUST2139,62,Female,50487.5,South,4,Social Media,1,66.6
CUST2140,26,Female,46251.06,East,3,Email,1,444.23
CUST2141,19,Male,58990.24,East,1,SMS,0,0.0
CUST2142,35,Male,40916.69,East,1,SMS,0,0.0
CUST2143,52,Female,35190.74,East,1,Social Media,0,0.0
CUST2144,61,Male,47898.83,East,4,Email,1,433.3
CUST2145,42,Female,56996.37,East,4,SMS,0,0.0
CUST2146,33,Male,45002.44,South,4,SMS,0,0.0
CUST2147,58,Male,36188.94,South,3,Email,0,0.0
CUST2148,61,Male,51776.08,North,2,TV,0,0.0
CUST2149,63,Female,45301.66,East,3,SMS,0,0.0
CUST2150,37,Male,30586.62,East,2,Email,0,0.0
CUST2151,21,Female,36831.48,South,2,TV,0,0.0
CUST2152,49,Male,40486.52,North,3,Social Media,0,0.0
CUST2153,69,Male,36728.02,West,1,Social Media,1,95.1
CUST2154,37,Female,50491.47,East,5,SMS,1,38.65
CUST2155,56,Female,22417.95,South,4,Email,0,0.0
CUST2156,32,Female,65590.89,West,1,SMS,0,0.0
CUST2157,35,Male,66749.18,North,8,Email,0,0.0
CUST2158,24,Female,79402.61,South,5,SMS,1,25.85
CUST2159,20,Female,21866.31,East,5,SMS,0,0.0
CUST2160,25,Female,62050.76,East,4,Social Media,0,0.0
CUST2161,46,Male,64697.71,North,4,TV,0,0.0
CUST2162,25,Male,51290.49,West,2,Social Media,1,1.17
CUST2163,18,Male,48315.37,East,1,Email,1,263.04
CUST2164,60,Male,64502.93,North,2,TV,0,0.0
CUST2165,38,Male,58301.25,North,3,SMS,0,0.0
CUST2166,56,Male,51519.18,South,1,Email,0,0.0
CUST2167,62,Male,40623.8,South,2,SMS,0,0.0
CUST2168,19,Female,64670.17,East,5,SMS,0,0.0
CUST2169,51,Female,47049.53,East,0,SMS,0,0.0
CUST2170,38,Female,24904.53,North,3,Email,0,0.0
CUST2171,65,Male,75889.82,East,3,TV,0,0.0
CUST2172,50,Male,56676.61,West,0,SMS,0,0.0
CUST2173,56,Male,58719.73,East,2,Email,1,210.85
CUST2174,57,Female,65651.9,South,4,SMS,0,0.0
CUST2175,24,Male,28820.57,West,2,SMS,0,0.0
CUST2176,32,Male,49116.28,West,6,Social Media,1,97.0
CUST2177,26,Female,58164.38,East,3,SMS,0,0.0
CUST2178,47,Male,60400.86,East,4,TV,1,353.84
CUST2179,61,Female,32572.34,East,2,SMS,0,0.0
CUST2180,68,Male,42676.44,West,4,SMS,1,239.2
CUST2181,34,Female,56186.74,East,1,SMS,0,0.0
CUST2182,55,Male,62934.31,West,1,Social Media,0,0.0
CUST2183,58,Female,61041.73,East,4,Email,0,0.0
CUST2184,56,Male,42394.62,West,5,Social Media,1,95.24
CUST2185,65,Male,46744.39,South,3,Email,1,422.61
CUST2186,38,Female,43290.09,East,10,Social Media,0,0.0
CUST2187,20,Male,62835.44,East,7,Email,0,0.0
CUST2188,54,Female,50591.51,South,2,Social Media,0,0.0
CUST2189,34,Female,24011.49,South,1,Social Media,0,0.0
CUST2190,34,Male,37288.31,West,2,Email,0,0.0
CUST2191,28,Female,67249.62,West,3,Social Media,1,351.12
CUST2192,27,Male,80378.54,West,2,TV,0,0.0
CUST2193,18,Male,41425.38,South,4,SMS,0,0.0
CUST2194,27,Male,64456.35,North,4,TV,0,0.0
CUST2195,42,Male,46466.45,North,2,Email,0,0.0
CUST2196,33,Male,58977.95,East,3,SMS,0,0.0
CUST2197,55,Male,63604.11,North,4,SMS,1,406.01
CUST2198,49,Male,15796.91,East,3,Social Media,1,61.74
CUST2199,69,Male,40367.25,South,2,Social Media,1,372.38
